width,length,states,omega,conjectured
11,1,164665,8,8
11,2,1949930,12,12
11,3,1949930,19,19
11,4,1949930,23,23
11,5,1949930,30,30
11,6,1949930,34,34
11,7,1949930,41,41
11,8,1949930,46,46
11,9,1949930,52,52
11,10,1949930,57,57
11,11,1949930,63,63
11,12,1949930,68,68
11,13,1949930,74,74
11,14,1949930,80,80
11,15,1949930,85,85
11,16,1949930,91,91
11,17,1949930,97,97
11,18,1949930,102,102
11,19,1949930,108,108
11,20,1949930,114,114
11,21,1949930,119,119
11,22,1949930,125,125
11,23,1949930,131,131
11,24,1949930,136,136
11,25,1949930,142,142
11,26,1949930,148,148
11,27,1949930,153,153
11,28,1949930,159,159
11,29,1949930,165,165
11,30,1949930,170,170
11,31,1949930,176,176
11,32,1949930,182,182
11,33,1949930,187,187
11,34,1949930,193,193
11,35,1949930,199,199
11,36,1949930,204,204
