0	32
1	34
2	34
3	32
4	33
8	34
16	34
18	34
19	34
20	35
24	34
26	34
27	34
28	33
32	33
34	33
35	33
36	34
64	34
65	34
66	34
67	34
68	33
128	34
129	36
130	36
131	34
132	35
144	34
152	34
154	34
155	34
156	35
160	33
162	35
163	33
164	34
192	32
193	34
194	34
195	32
196	33
208	34
216	34
218	34
219	34
220	35
224	33
226	33
227	33
228	34
256	33
257	35
258	35
259	33
260	34
272	35
280	33
282	35
283	35
284	34
288	34
290	34
291	34
292	35
512	34
513	36
514	36
515	34
516	35
520	36
528	36
530	36
531	36
532	37
536	36
538	36
539	36
540	35
544	35
546	35
547	35
548	36
1024	34
1025	34
1026	36
1027	34
1028	35
1032	36
1040	36
1042	36
1043	36
1044	37
1048	34
1050	34
1051	36
1052	33
1056	35
1058	35
1059	35
1060	36
1152	36
1153	36
1154	36
1155	36
1156	35
1216	34
1217	36
1218	36
1219	34
1220	35
1232	36
1240	36
1242	36
1243	36
1244	37
1248	35
1250	35
1251	35
1252	36
1280	35
1281	37
1282	37
1283	35
1284	36
1296	37
1304	35
1306	37
1307	37
1308	36
1312	36
1314	36
1315	36
1316	37
1536	32
1537	32
1538	34
1539	32
1540	33
1544	34
1552	34
1554	34
1555	34
1556	35
1560	32
1562	32
1563	34
1564	31
1568	33
1570	33
1571	33
1572	34
1664	34
1665	34
1666	34
1667	34
1668	33
1728	34
1729	36
1730	36
1731	34
1732	35
1744	36
1752	34
1754	36
1755	36
1756	35
1760	35
1762	35
1763	35
1764	36
1792	33
1793	33
1794	33
1795	33
1796	32
1808	33
1816	33
1818	33
1819	33
1820	32
1824	34
1826	34
1827	34
1828	33
2048	33
2049	35
2050	35
2051	33
2052	34
2056	35
2064	35
2066	35
2067	35
2068	36
2072	35
2074	35
2075	35
2076	34
2080	34
2082	34
2083	34
2084	35
2176	35
2177	35
2178	35
2179	35
2180	34
2240	33
2241	35
2242	35
2243	33
2244	34
2256	35
2264	35
2266	35
2267	35
2268	36
2272	34
2274	34
2275	34
2276	35
2304	34
2305	36
2306	36
2307	34
2308	35
2320	36
2328	34
2330	36
2331	36
2332	35
2336	35
2338	35
2339	35
2340	36
4096	34
4097	34
4098	36
4099	34
4100	35
4104	36
4112	36
4114	36
4115	36
4116	37
4120	34
4122	34
4123	36
4124	33
4128	35
4130	35
4131	35
4132	36
4160	36
4161	36
4162	36
4163	36
4164	35
4224	36
4225	36
4226	36
4227	36
4228	35
4240	36
4248	36
4250	36
4251	36
4252	35
4256	35
4258	37
4259	35
4260	36
4288	34
4289	36
4290	36
4291	34
4292	35
4304	36
4312	36
4314	36
4315	36
4316	35
4320	35
4322	35
4323	35
4324	36
4352	35
4353	35
4354	35
4355	35
4356	34
4368	35
4376	35
4378	35
4379	35
4380	34
4384	36
4386	36
4387	36
4388	35
8192	34
8193	34
8194	36
8195	34
8196	35
8200	36
8208	36
8210	36
8211	36
8212	37
8216	34
8218	34
8219	36
8220	33
8224	35
8226	35
8227	35
8228	36
8256	36
8257	36
8258	36
8259	36
8260	35
8320	36
8321	36
8322	36
8323	36
8324	35
8336	36
8344	36
8346	36
8347	36
8348	35
8352	35
8354	37
8355	35
8356	36
8384	34
8385	36
8386	36
8387	34
8388	35
8400	36
8408	36
8410	36
8411	36
8412	35
8416	35
8418	35
8419	35
8420	36
8448	35
8449	35
8450	35
8451	35
8452	34
8464	35
8472	35
8474	35
8475	35
8476	34
8480	36
8482	36
8483	36
8484	35
9216	34
9217	36
9218	36
9219	34
9220	35
9224	36
9232	36
9234	36
9235	36
9236	37
9240	36
9242	36
9243	36
9244	35
9248	35
9250	37
9251	35
9252	36
9728	34
9729	34
9730	36
9731	34
9732	35
9736	36
9744	36
9746	36
9747	36
9748	37
9752	34
9754	34
9755	36
9756	33
9760	35
9762	35
9763	35
9764	36
9856	36
9857	36
9858	36
9859	36
9860	35
9920	36
9921	36
9922	36
9923	36
9924	35
9936	36
9944	36
9946	36
9947	36
9948	35
9952	35
9954	37
9955	35
9956	36
9984	35
9985	35
9986	35
9987	35
9988	34
10000	35
10008	35
10010	35
10011	35
10012	34
10016	36
10018	36
10019	36
10020	35
10240	35
10241	35
10242	35
10243	35
10244	34
10248	35
10256	35
10258	35
10259	35
10260	36
10264	35
10266	35
10267	35
10268	34
10272	34
10274	36
10275	34
10276	35
10368	37
10369	37
10370	37
10371	37
10372	36
10432	33
10433	35
10434	35
10435	33
10436	34
10448	35
10456	35
10458	37
10459	35
10460	36
10464	34
10466	36
10467	34
10468	35
10496	36
10497	36
10498	36
10499	36
10500	35
10512	36
10520	36
10522	36
10523	36
10524	35
10528	35
10530	37
10531	35
10532	36
12288	34
12289	34
12290	34
12291	34
12292	33
12296	34
12304	34
12306	34
12307	34
12308	35
12312	34
12314	34
12315	34
12316	33
12320	33
12322	35
12323	33
12324	34
12352	36
12353	36
12354	36
12355	36
12356	35
12416	34
12417	36
12418	36
12419	34
12420	35
12432	36
12440	36
12442	36
12443	36
12444	35
12448	35
12450	37
12451	35
12452	36
12480	32
12481	34
12482	34
12483	32
12484	33
12496	34
12504	34
12506	36
12507	34
12508	35
12512	33
12514	33
12515	33
12516	34
12544	35
12545	35
12546	35
12547	35
12548	34
12560	35
12568	35
12570	35
12571	35
12572	34
12576	34
12578	36
12579	34
12580	35
13312	34
13313	36
13314	36
13315	34
13316	35
13320	36
13328	36
13330	36
13331	36
13332	37
13336	36
13338	36
13339	36
13340	35
13344	35
13346	35
13347	35
13348	36
13824	34
13825	34
13826	36
13827	34
13828	35
13832	36
13840	36
13842	36
13843	36
13844	37
13848	34
13850	34
13851	36
13852	33
13856	35
13858	35
13859	35
13860	36
13952	36
13953	36
13954	36
13955	36
13956	35
14016	34
14017	36
14018	36
14019	34
14020	35
14032	36
14040	36
14042	36
14043	36
14044	35
14048	35
14050	35
14051	35
14052	36
14080	35
14081	35
14082	35
14083	35
14084	34
14096	35
14104	35
14106	35
14107	35
14108	34
14112	36
14114	36
14115	36
14116	35
14336	33
14337	35
14338	35
14339	33
14340	34
14344	35
14352	35
14354	35
14355	35
14356	36
14360	35
14362	35
14363	35
14364	34
14368	34
14370	34
14371	34
14372	35
14464	35
14465	35
14466	35
14467	35
14468	34
14528	33
14529	35
14530	35
14531	33
14532	34
14544	35
14552	35
14554	35
14555	35
14556	36
14560	34
14562	34
14563	34
14564	35
14592	34
14593	36
14594	36
14595	34
14596	35
14608	36
14616	36
14618	36
14619	36
14620	35
14624	35
14626	35
14627	35
14628	36
16384	33
16385	33
16386	35
16387	33
16388	34
16392	35
16400	35
16402	35
16403	35
16404	36
16408	33
16410	33
16411	35
16412	32
16416	34
16418	34
16419	34
16420	35
16448	35
16449	35
16450	35
16451	35
16452	34
16512	35
16513	35
16514	35
16515	35
16516	34
16528	35
16536	35
16538	35
16539	35
16540	34
16544	34
16546	36
16547	34
16548	35
16576	33
16577	35
16578	35
16579	33
16580	34
16592	35
16600	35
16602	35
16603	35
16604	34
16608	34
16610	34
16611	34
16612	35
16640	34
16641	34
16642	34
16643	34
16644	33
16656	34
16664	34
16666	34
16667	34
16668	33
16672	35
16674	35
16675	35
16676	34
17408	33
17409	35
17410	35
17411	33
17412	34
17416	35
17424	35
17426	35
17427	35
17428	36
17432	35
17434	35
17435	35
17436	34
17440	34
17442	36
17443	34
17444	35
17920	33
17921	33
17922	35
17923	33
17924	34
17928	35
17936	35
17938	35
17939	35
17940	36
17944	33
17946	33
17947	35
17948	32
17952	34
17954	34
17955	34
17956	35
18048	35
18049	35
18050	35
18051	35
18052	34
18112	35
18113	35
18114	35
18115	35
18116	34
18128	35
18136	35
18138	35
18139	35
18140	34
18144	36
18146	36
18147	36
18148	35
18176	34
18177	34
18178	34
18179	34
18180	33
18192	34
18200	34
18202	34
18203	34
18204	33
18208	35
18210	35
18211	35
18212	34
18432	34
18433	34
18434	36
18435	34
18436	35
18440	36
18448	36
18450	36
18451	36
18452	37
18456	34
18458	34
18459	36
18460	33
18464	35
18466	35
18467	35
18468	36
18560	36
18561	36
18562	36
18563	36
18564	35
18624	34
18625	36
18626	36
18627	34
18628	35
18640	36
18648	36
18650	36
18651	36
18652	35
18656	35
18658	35
18659	35
18660	36
18688	35
18689	35
18690	35
18691	35
18692	34
18704	35
18712	35
18714	35
18715	35
18716	34
18720	36
18722	36
18723	36
18724	35
32768	34
32769	34
32770	34
32771	34
32772	33
32776	34
32784	34
32786	34
32787	34
32788	35
32792	34
32794	34
32795	34
32796	33
32800	33
32802	35
32803	33
32804	34
32832	36
32833	36
32834	36
32835	36
32836	35
32896	34
32897	36
32898	36
32899	34
32900	35
32912	36
32920	36
32922	36
32923	36
32924	35
32928	35
32930	37
32931	35
32932	36
32960	32
32961	34
32962	34
32963	32
32964	33
32976	34
32984	34
32986	36
32987	34
32988	35
32992	33
32994	35
32995	33
32996	34
33024	35
33025	35
33026	35
33027	35
33028	34
33040	35
33048	35
33050	35
33051	35
33052	34
33056	34
33058	36
33059	34
33060	35
33280	34
33281	36
33282	36
33283	34
33284	35
33288	36
33296	36
33298	36
33299	36
33300	37
33304	36
33306	36
33307	36
33308	35
33312	35
33314	37
33315	35
33316	36
33792	36
33793	36
33794	36
33795	36
33796	35
33800	36
33808	36
33810	36
33811	36
33812	37
33816	36
33818	36
33819	36
33820	35
33824	35
33826	37
33827	35
33828	36
33920	36
33921	36
33922	36
33923	36
33924	35
33984	34
33985	36
33986	36
33987	34
33988	35
34000	36
34008	36
34010	36
34011	36
34012	37
34016	35
34018	37
34019	35
34020	36
34048	35
34049	37
34050	37
34051	35
34052	36
34064	37
34072	35
34074	37
34075	37
34076	36
34080	36
34082	36
34083	36
34084	37
34304	34
34305	34
34306	36
34307	34
34308	35
34312	36
34320	36
34322	36
34323	36
34324	37
34328	34
34330	34
34331	36
34332	33
34336	35
34338	35
34339	35
34340	36
34432	36
34433	36
34434	36
34435	36
34436	35
34496	36
34497	36
34498	36
34499	36
34500	35
34512	36
34520	36
34522	36
34523	36
34524	35
34528	35
34530	37
34531	35
34532	36
34560	35
34561	35
34562	35
34563	35
34564	34
34576	35
34584	35
34586	35
34587	35
34588	34
34592	36
34594	36
34595	36
34596	35
34816	35
34817	35
34818	35
34819	35
34820	34
34824	35
34832	35
34834	35
34835	35
34836	36
34840	35
34842	35
34843	35
34844	34
34848	34
34850	36
34851	34
34852	35
34944	37
34945	37
34946	37
34947	37
34948	36
35008	33
35009	35
35010	35
35011	33
35012	34
35024	35
35032	35
35034	37
35035	35
35036	36
35040	34
35042	36
35043	34
35044	35
35072	36
35073	36
35074	36
35075	36
35076	35
35088	36
35096	36
35098	36
35099	36
35100	35
35104	35
35106	37
35107	35
35108	36
65536	34
65537	34
65538	36
65539	34
65540	35
65544	36
65552	36
65554	36
65555	36
65556	37
65560	34
65562	34
65563	36
65564	33
65568	35
65570	35
65571	35
65572	36
65600	36
65601	36
65602	36
65603	36
65604	35
65664	36
65665	36
65666	36
65667	36
65668	35
65680	36
65688	36
65690	36
65691	36
65692	35
65696	35
65698	37
65699	35
65700	36
65728	34
65729	36
65730	36
65731	34
65732	35
65744	36
65752	36
65754	36
65755	36
65756	35
65760	35
65762	35
65763	35
65764	36
65792	35
65793	35
65794	35
65795	35
65796	34
65808	35
65816	35
65818	35
65819	35
65820	34
65824	36
65826	36
65827	36
65828	35
66048	34
66049	36
66050	36
66051	34
66052	35
66056	36
66064	36
66066	36
66067	36
66068	37
66072	36
66074	36
66075	36
66076	35
66080	35
66082	37
66083	35
66084	36
66560	36
66561	36
66562	36
66563	36
66564	35
66568	36
66576	36
66578	36
66579	36
66580	37
66584	36
66586	36
66587	36
66588	35
66592	35
66594	37
66595	35
66596	36
66688	36
66689	36
66690	36
66691	36
66692	35
66752	34
66753	36
66754	36
66755	34
66756	35
66768	36
66776	36
66778	36
66779	36
66780	37
66784	35
66786	37
66787	35
66788	36
66816	35
66817	37
66818	37
66819	35
66820	36
66832	37
66840	35
66842	37
66843	37
66844	36
66848	36
66850	36
66851	36
66852	37
67072	34
67073	34
67074	36
67075	34
67076	35
67080	36
67088	36
67090	36
67091	36
67092	37
67096	34
67098	34
67099	36
67100	33
67104	35
67106	35
67107	35
67108	36
67200	36
67201	36
67202	36
67203	36
67204	35
67264	36
67265	36
67266	36
67267	36
67268	35
67280	36
67288	36
67290	36
67291	36
67292	35
67296	35
67298	37
67299	35
67300	36
67328	35
67329	35
67330	35
67331	35
67332	34
67344	35
67352	35
67354	35
67355	35
67356	34
67360	36
67362	36
67363	36
67364	35
67584	35
67585	35
67586	35
67587	35
67588	34
67592	35
67600	35
67602	35
67603	35
67604	36
67608	35
67610	35
67611	35
67612	34
67616	34
67618	36
67619	34
67620	35
67712	37
67713	37
67714	37
67715	37
67716	36
67776	33
67777	35
67778	35
67779	33
67780	34
67792	35
67800	35
67802	37
67803	35
67804	36
67808	34
67810	36
67811	34
67812	35
67840	36
67841	36
67842	36
67843	36
67844	35
67856	36
67864	36
67866	36
67867	36
67868	35
67872	35
67874	37
67875	35
67876	36
73728	34
73729	34
73730	36
73731	34
73732	35
73736	36
73744	36
73746	36
73747	36
73748	37
73752	34
73754	34
73755	36
73756	35
73760	35
73762	35
73763	35
73764	36
73792	36
73793	36
73794	36
73795	36
73796	35
73856	36
73857	36
73858	36
73859	36
73860	35
73872	36
73880	36
73882	36
73883	36
73884	37
73888	35
73890	37
73891	35
73892	36
73920	34
73921	36
73922	36
73923	34
73924	35
73936	36
73944	36
73946	36
73947	36
73948	35
73952	35
73954	35
73955	35
73956	36
73984	35
73985	35
73986	35
73987	35
73988	34
74000	35
74008	35
74010	35
74011	35
74012	36
74016	36
74018	36
74019	36
74020	35
77824	34
77825	34
77826	34
77827	34
77828	33
77832	34
77840	34
77842	34
77843	34
77844	35
77848	34
77850	34
77851	34
77852	35
77856	33
77858	35
77859	33
77860	34
77888	36
77889	36
77890	36
77891	36
77892	35
77952	34
77953	36
77954	36
77955	34
77956	35
77968	36
77976	36
77978	36
77979	36
77980	35
77984	35
77986	37
77987	35
77988	36
78016	32
78017	34
78018	34
78019	32
78020	33
78032	34
78040	34
78042	36
78043	34
78044	35
78048	33
78050	35
78051	33
78052	34
78080	35
78081	35
78082	35
78083	35
78084	34
78096	35
78104	35
78106	35
78107	35
78108	36
78112	34
78114	36
78115	34
78116	35
78848	34
78849	36
78850	36
78851	34
78852	35
78856	36
78864	36
78866	36
78867	36
78868	37
78872	36
78874	36
78875	36
78876	35
78880	35
78882	37
78883	35
78884	36
79360	34
79361	36
79362	36
79363	34
79364	35
79368	36
79376	36
79378	36
79379	36
79380	37
79384	36
79386	36
79387	36
79388	35
79392	35
79394	37
79395	35
79396	36
79488	36
79489	36
79490	36
79491	36
79492	35
79552	36
79553	36
79554	36
79555	36
79556	35
79568	36
79576	36
79578	36
79579	36
79580	37
79584	35
79586	37
79587	35
79588	36
79616	35
79617	37
79618	37
79619	35
79620	36
79632	37
79640	35
79642	37
79643	37
79644	36
79648	36
79650	36
79651	36
79652	37
79872	35
79873	35
79874	35
79875	35
79876	34
79880	35
79888	35
79890	35
79891	35
79892	36
79896	35
79898	35
79899	35
79900	36
79904	34
79906	36
79907	34
79908	35
80000	37
80001	37
80002	37
80003	37
80004	36
80064	33
80065	35
80066	35
80067	33
80068	34
80080	35
80088	35
80090	37
80091	35
80092	36
80096	34
80098	36
80099	34
80100	35
80128	36
80129	36
80130	36
80131	36
80132	35
80144	36
80152	36
80154	36
80155	36
80156	37
80160	35
80162	37
80163	35
80164	36
81920	33
81921	35
81922	35
81923	35
81924	34
81928	35
81936	35
81938	35
81939	35
81940	36
81944	35
81946	35
81947	35
81948	34
81952	34
81954	36
81955	34
81956	35
81984	35
81985	37
81986	37
81987	37
81988	36
82048	35
82049	37
82050	37
82051	35
82052	36
82064	37
82072	35
82074	37
82075	37
82076	36
82080	36
82082	38
82083	36
82084	37
82112	33
82113	35
82114	35
82115	33
82116	34
82128	35
82136	35
82138	37
82139	35
82140	36
82144	34
82146	36
82147	34
82148	35
82176	34
82177	36
82178	36
82179	36
82180	35
82192	36
82200	34
82202	36
82203	36
82204	35
82208	35
82210	37
82211	35
82212	36
82944	35
82945	37
82946	37
82947	35
82948	36
82952	37
82960	37
82962	37
82963	37
82964	38
82968	37
82970	37
82971	37
82972	36
82976	36
82978	38
82979	36
82980	37
83456	33
83457	35
83458	35
83459	35
83460	34
83464	35
83472	35
83474	35
83475	35
83476	36
83480	33
83482	35
83483	35
83484	34
83488	34
83490	36
83491	36
83492	35
83584	35
83585	37
83586	37
83587	37
83588	36
83648	35
83649	37
83650	37
83651	35
83652	36
83664	37
83672	35
83674	37
83675	37
83676	36
83680	36
83682	36
83683	36
83684	37
83712	34
83713	36
83714	36
83715	36
83716	35
83728	36
83736	34
83738	36
83739	36
83740	35
83744	35
83746	37
83747	37
83748	36
83968	34
83969	36
83970	36
83971	34
83972	35
83976	36
83984	36
83986	36
83987	36
83988	37
83992	36
83994	36
83995	36
83996	35
84000	35
84002	37
84003	35
84004	36
84096	36
84097	36
84098	36
84099	36
84100	35
84160	34
84161	36
84162	36
84163	34
84164	35
84176	36
84184	36
84186	36
84187	36
84188	37
84192	35
84194	37
84195	35
84196	36
84224	35
84225	37
84226	37
84227	35
84228	36
84240	37
84248	35
84250	37
84251	37
84252	36
84256	36
84258	36
84259	36
84260	37
98304	32
98305	34
98306	34
98307	32
98308	33
98312	34
98320	34
98322	34
98323	34
98324	35
98328	34
98330	34
98331	34
98332	33
98336	33
98338	35
98339	33
98340	34
98368	34
98369	34
98370	34
98371	34
98372	33
98432	34
98433	36
98434	36
98435	34
98436	35
98448	34
98456	34
98458	34
98459	34
98460	35
98464	33
98466	35
98467	33
98468	34
98496	32
98497	34
98498	34
98499	32
98500	33
98512	34
98520	34
98522	34
98523	34
98524	35
98528	33
98530	35
98531	33
98532	34
98560	33
98561	35
98562	35
98563	33
98564	34
98576	35
98584	33
98586	35
98587	35
98588	34
98592	34
98594	34
98595	34
98596	35
98816	34
98817	36
98818	36
98819	34
98820	35
98824	36
98832	36
98834	36
98835	36
98836	37
98840	36
98842	36
98843	36
98844	35
98848	35
98850	37
98851	35
98852	36
99328	34
99329	34
99330	36
99331	34
99332	35
99336	36
99344	36
99346	36
99347	36
99348	37
99352	34
99354	34
99355	36
99356	33
99360	35
99362	35
99363	35
99364	36
99456	36
99457	36
99458	36
99459	36
99460	35
99520	34
99521	36
99522	36
99523	34
99524	35
99536	36
99544	36
99546	36
99547	36
99548	37
99552	35
99554	37
99555	35
99556	36
99584	35
99585	37
99586	37
99587	35
99588	36
99600	37
99608	35
99610	37
99611	37
99612	36
99616	36
99618	36
99619	36
99620	37
99840	32
99841	32
99842	34
99843	32
99844	33
99848	34
99856	34
99858	34
99859	34
99860	35
99864	32
99866	32
99867	34
99868	31
99872	33
99874	33
99875	33
99876	34
99968	34
99969	34
99970	34
99971	34
99972	33
100032	34
100033	36
100034	36
100035	34
100036	35
100048	36
100056	34
100058	36
100059	36
100060	35
100064	35
100066	35
100067	35
100068	36
100096	33
100097	33
100098	33
100099	33
100100	32
100112	33
100120	33
100122	33
100123	33
100124	32
100128	34
100130	34
100131	34
100132	33
100352	33
100353	35
100354	35
100355	33
100356	34
100360	35
100368	35
100370	35
100371	35
100372	36
100376	35
100378	35
100379	35
100380	34
100384	34
100386	36
100387	34
100388	35
100480	35
100481	35
100482	35
100483	35
100484	34
100544	33
100545	35
100546	35
100547	33
100548	34
100560	35
100568	35
100570	35
100571	35
100572	36
100576	34
100578	36
100579	34
100580	35
100608	34
100609	36
100610	36
100611	34
100612	35
100624	36
100632	34
100634	36
100635	36
100636	35
100640	35
100642	35
100643	35
100644	36
106496	34
106497	34
106498	36
106499	34
106500	35
106504	36
106512	36
106514	36
106515	36
106516	37
106520	34
106522	34
106523	36
106524	33
106528	35
106530	35
106531	35
106532	36
106560	36
106561	36
106562	36
106563	36
106564	35
106624	36
106625	36
106626	36
106627	36
106628	35
106640	36
106648	36
106650	36
106651	36
106652	35
106656	35
106658	37
106659	35
106660	36
106688	34
106689	36
106690	36
106691	34
106692	35
106704	36
106712	36
106714	36
106715	36
106716	35
106720	35
106722	35
106723	35
106724	36
106752	35
106753	35
106754	35
106755	35
106756	34
106768	35
106776	35
106778	35
106779	35
106780	34
106784	36
106786	36
106787	36
106788	35
110592	34
110593	34
110594	36
110595	34
110596	35
110600	36
110608	36
110610	36
110611	36
110612	37
110616	34
110618	34
110619	36
110620	33
110624	35
110626	35
110627	35
110628	36
110656	36
110657	36
110658	36
110659	36
110660	35
110720	36
110721	36
110722	36
110723	36
110724	35
110736	36
110744	36
110746	36
110747	36
110748	35
110752	35
110754	37
110755	35
110756	36
110784	34
110785	36
110786	36
110787	34
110788	35
110800	36
110808	36
110810	36
110811	36
110812	35
110816	35
110818	35
110819	35
110820	36
110848	35
110849	35
110850	35
110851	35
110852	34
110864	35
110872	35
110874	35
110875	35
110876	34
110880	36
110882	36
110883	36
110884	35
111616	34
111617	36
111618	36
111619	34
111620	35
111624	36
111632	36
111634	36
111635	36
111636	37
111640	36
111642	36
111643	36
111644	35
111648	35
111650	37
111651	35
111652	36
112128	34
112129	34
112130	36
112131	34
112132	35
112136	36
112144	36
112146	36
112147	36
112148	37
112152	34
112154	34
112155	36
112156	33
112160	35
112162	35
112163	35
112164	36
112256	36
112257	36
112258	36
112259	36
112260	35
112320	36
112321	36
112322	36
112323	36
112324	35
112336	36
112344	36
112346	36
112347	36
112348	35
112352	35
112354	37
112355	35
112356	36
112384	35
112385	35
112386	35
112387	35
112388	34
112400	35
112408	35
112410	35
112411	35
112412	34
112416	36
112418	36
112419	36
112420	35
112640	35
112641	35
112642	35
112643	35
112644	34
112648	35
112656	35
112658	35
112659	35
112660	36
112664	35
112666	35
112667	35
112668	34
112672	34
112674	36
112675	34
112676	35
112768	37
112769	37
112770	37
112771	37
112772	36
112832	33
112833	35
112834	35
112835	33
112836	34
112848	35
112856	35
112858	37
112859	35
112860	36
112864	34
112866	36
112867	34
112868	35
112896	36
112897	36
112898	36
112899	36
112900	35
112912	36
112920	36
112922	36
112923	36
112924	35
112928	35
112930	37
112931	35
112932	36
114688	33
114689	33
114690	35
114691	33
114692	34
114696	35
114704	35
114706	35
114707	35
114708	36
114712	33
114714	33
114715	35
114716	32
114720	34
114722	34
114723	34
114724	35
114752	35
114753	35
114754	35
114755	35
114756	34
114816	35
114817	35
114818	35
114819	35
114820	34
114832	35
114840	35
114842	35
114843	35
114844	34
114848	34
114850	36
114851	34
114852	35
114880	33
114881	35
114882	35
114883	33
114884	34
114896	35
114904	35
114906	35
114907	35
114908	34
114912	34
114914	36
114915	34
114916	35
114944	34
114945	34
114946	34
114947	34
114948	33
114960	34
114968	34
114970	34
114971	34
114972	33
114976	35
114978	35
114979	35
114980	34
115712	33
115713	35
115714	35
115715	33
115716	34
115720	35
115728	35
115730	35
115731	35
115732	36
115736	35
115738	35
115739	35
115740	34
115744	34
115746	36
115747	34
115748	35
116224	33
116225	33
116226	35
116227	33
116228	34
116232	35
116240	35
116242	35
116243	35
116244	36
116248	33
116250	33
116251	35
116252	32
116256	34
116258	34
116259	34
116260	35
116352	35
116353	35
116354	35
116355	35
116356	34
116416	35
116417	35
116418	35
116419	35
116420	34
116432	35
116440	35
116442	35
116443	35
116444	34
116448	36
116450	36
116451	36
116452	35
116480	34
116481	34
116482	34
116483	34
116484	33
116496	34
116504	34
116506	34
116507	34
116508	33
116512	35
116514	35
116515	35
116516	34
116736	34
116737	34
116738	36
116739	34
116740	35
116744	36
116752	36
116754	36
116755	36
116756	37
116760	34
116762	34
116763	36
116764	33
116768	35
116770	35
116771	35
116772	36
116864	36
116865	36
116866	36
116867	36
116868	35
116928	34
116929	36
116930	36
116931	34
116932	35
116944	36
116952	36
116954	36
116955	36
116956	35
116960	35
116962	37
116963	35
116964	36
116992	35
116993	35
116994	35
116995	35
116996	34
117008	35
117016	35
117018	35
117019	35
117020	34
117024	36
117026	36
117027	36
117028	35
131072	33
131073	33
131074	35
131075	33
131076	34
131080	35
131088	35
131090	35
131091	35
131092	36
131096	33
131098	33
131099	35
131100	32
131104	34
131106	34
131107	34
131108	35
131136	35
131137	35
131138	35
131139	35
131140	34
131200	35
131201	35
131202	35
131203	35
131204	34
131216	35
131224	35
131226	35
131227	35
131228	34
131232	34
131234	36
131235	34
131236	35
131264	33
131265	35
131266	35
131267	33
131268	34
131280	35
131288	35
131290	35
131291	35
131292	34
131296	34
131298	34
131299	34
131300	35
131328	34
131329	34
131330	34
131331	34
131332	33
131344	34
131352	34
131354	34
131355	34
131356	33
131360	35
131362	35
131363	35
131364	34
131584	33
131585	35
131586	35
131587	33
131588	34
131592	35
131600	35
131602	35
131603	35
131604	36
131608	35
131610	35
131611	35
131612	34
131616	34
131618	36
131619	34
131620	35
132096	35
132097	35
132098	35
132099	35
132100	34
132104	35
132112	35
132114	35
132115	35
132116	36
132120	35
132122	35
132123	35
132124	34
132128	34
132130	36
132131	34
132132	35
132224	35
132225	35
132226	35
132227	35
132228	34
132288	33
132289	35
132290	35
132291	33
132292	34
132304	35
132312	35
132314	35
132315	35
132316	36
132320	34
132322	36
132323	34
132324	35
132352	34
132353	36
132354	36
132355	34
132356	35
132368	36
132376	34
132378	36
132379	36
132380	35
132384	35
132386	35
132387	35
132388	36
132608	33
132609	33
132610	35
132611	33
132612	34
132616	35
132624	35
132626	35
132627	35
132628	36
132632	33
132634	33
132635	35
132636	32
132640	34
132642	34
132643	34
132644	35
132736	35
132737	35
132738	35
132739	35
132740	34
132800	35
132801	35
132802	35
132803	35
132804	34
132816	35
132824	35
132826	35
132827	35
132828	34
132832	34
132834	36
132835	34
132836	35
132864	34
132865	34
132866	34
132867	34
132868	33
132880	34
132888	34
132890	34
132891	34
132892	33
132896	35
132898	35
132899	35
132900	34
133120	34
133121	34
133122	34
133123	34
133124	33
133128	34
133136	34
133138	34
133139	34
133140	35
133144	34
133146	34
133147	34
133148	33
133152	33
133154	35
133155	33
133156	34
133248	36
133249	36
133250	36
133251	36
133252	35
133312	32
133313	34
133314	34
133315	32
133316	33
133328	34
133336	34
133338	36
133339	34
133340	35
133344	33
133346	35
133347	33
133348	34
133376	35
133377	35
133378	35
133379	35
133380	34
133392	35
133400	35
133402	35
133403	35
133404	34
133408	34
133410	36
133411	34
133412	35
139264	35
139265	35
139266	37
139267	35
139268	36
139272	37
139280	37
139282	37
139283	37
139284	38
139288	35
139290	35
139291	37
139292	34
139296	36
139298	36
139299	36
139300	37
139328	37
139329	37
139330	37
139331	37
139332	36
139392	37
139393	37
139394	37
139395	37
139396	36
139408	37
139416	37
139418	37
139419	37
139420	36
139424	36
139426	38
139427	36
139428	37
139456	35
139457	37
139458	37
139459	35
139460	36
139472	37
139480	37
139482	37
139483	37
139484	36
139488	36
139490	36
139491	36
139492	37
139520	36
139521	36
139522	36
139523	36
139524	35
139536	36
139544	36
139546	36
139547	36
139548	35
139552	37
139554	37
139555	37
139556	36
143360	33
143361	33
143362	33
143363	33
143364	32
143368	33
143376	33
143378	35
143379	33
143380	34
143384	33
143386	35
143387	33
143388	34
143392	32
143394	34
143395	32
143396	33
143424	35
143425	35
143426	35
143427	35
143428	34
143488	33
143489	35
143490	35
143491	33
143492	34
143504	35
143512	35
143514	35
143515	35
143516	34
143520	34
143522	36
143523	34
143524	35
143552	31
143553	33
143554	33
143555	31
143556	32
143568	33
143576	33
143578	35
143579	33
143580	34
143584	32
143586	34
143587	32
143588	33
143616	34
143617	34
143618	34
143619	34
143620	33
143632	34
143640	34
143642	36
143643	34
143644	35
143648	33
143650	35
143651	33
143652	34
144384	35
144385	35
144386	35
144387	35
144388	34
144392	35
144400	35
144402	37
144403	35
144404	36
144408	35
144410	35
144411	35
144412	34
144416	34
144418	36
144419	34
144420	35
144896	35
144897	35
144898	35
144899	35
144900	34
144904	35
144912	35
144914	35
144915	35
144916	36
144920	35
144922	35
144923	35
144924	34
144928	34
144930	36
144931	34
144932	35
145024	37
145025	37
145026	37
145027	37
145028	36
145088	35
145089	35
145090	35
145091	35
145092	34
145104	35
145112	35
145114	37
145115	35
145116	36
145120	34
145122	36
145123	34
145124	35
145152	36
145153	36
145154	36
145155	36
145156	35
145168	36
145176	36
145178	36
145179	36
145180	35
145184	35
145186	37
145187	35
145188	36
145408	34
145409	34
145410	34
145411	34
145412	33
145416	34
145424	34
145426	36
145427	34
145428	35
145432	34
145434	36
145435	34
145436	35
145440	33
145442	35
145443	33
145444	34
145536	36
145537	36
145538	36
145539	36
145540	35
145600	32
145601	34
145602	34
145603	32
145604	33
145616	34
145624	34
145626	36
145627	34
145628	35
145632	33
145634	35
145635	33
145636	34
145664	35
145665	35
145666	35
145667	35
145668	34
145680	35
145688	35
145690	37
145691	35
145692	36
145696	34
145698	36
145699	34
145700	35
147456	34
147457	34
147458	36
147459	34
147460	35
147464	36
147472	36
147474	36
147475	36
147476	37
147480	34
147482	34
147483	36
147484	33
147488	35
147490	35
147491	35
147492	36
147520	36
147521	36
147522	36
147523	36
147524	35
147584	36
147585	36
147586	36
147587	36
147588	35
147600	36
147608	36
147610	36
147611	36
147612	35
147616	35
147618	37
147619	35
147620	36
147648	34
147649	36
147650	36
147651	34
147652	35
147664	36
147672	36
147674	36
147675	36
147676	35
147680	35
147682	35
147683	35
147684	36
147712	35
147713	35
147714	35
147715	35
147716	34
147728	35
147736	35
147738	35
147739	35
147740	34
147744	36
147746	36
147747	36
147748	35
148480	34
148481	36
148482	36
148483	34
148484	35
148488	36
148496	36
148498	36
148499	36
148500	37
148504	36
148506	36
148507	36
148508	35
148512	35
148514	37
148515	35
148516	36
148992	34
148993	34
148994	36
148995	34
148996	35
149000	36
149008	36
149010	36
149011	36
149012	37
149016	34
149018	34
149019	36
149020	33
149024	35
149026	35
149027	35
149028	36
149120	36
149121	36
149122	36
149123	36
149124	35
149184	36
149185	36
149186	36
149187	36
149188	35
149200	36
149208	36
149210	36
149211	36
149212	35
149216	35
149218	37
149219	35
149220	36
149248	35
149249	35
149250	35
149251	35
149252	34
149264	35
149272	35
149274	35
149275	35
149276	34
149280	36
149282	36
149283	36
149284	35
149504	35
149505	35
149506	35
149507	35
149508	34
149512	35
149520	35
149522	35
149523	35
149524	36
149528	35
149530	35
149531	35
149532	34
149536	34
149538	36
149539	34
149540	35
149632	37
149633	37
149634	37
149635	37
149636	36
149696	33
149697	35
149698	35
149699	33
149700	34
149712	35
149720	35
149722	37
149723	35
149724	36
149728	34
149730	36
149731	34
149732	35
149760	36
149761	36
149762	36
149763	36
149764	35
149776	36
149784	36
149786	36
149787	36
149788	35
149792	35
149794	37
149795	35
149796	36
